id;first_name;last_name;email;phone_number;birth_date;age
1;Garnett;Schinner;Christelle_Renner59@hotmail.com;Dam;2019-05-24T03:40:09;5808
2;Jadon;Streich;Lazaro_Conroy2@yahoo.com;Producer;2019-05-23T10:05:24;93855
3;Coy;Abbott;Zachary.Deckow@gmail.com;Albania web-readiness;2019-05-23T23:04:44;52477
4;Leopold;Jacobi;Alycia.Greenfelder23@gmail.com;Licensed Savings Account;2019-05-23T20:53:22;51423
5;Wilma;McLaughlin;Alyce_Stokes@yahoo.com;Centers;2019-05-24T05:45:00;94888
6;Trystan;Wintheiser;Raheem1@yahoo.com;Public-key;2019-05-24T00:17:02;44015
7;Marjorie;Cartwright;Jermey17@yahoo.com;incentivize Tuna copy;2019-05-23T19:51:53;52006
8;Cordell;Lockman;Christine_Bartell77@yahoo.com;Markets Chief;2019-05-23T15:43:08;72727
9;Theodora;Hane;Keyon.Dietrich@gmail.com;software scale interactive;2019-05-23T10:10:44;58675
10;Fletcher;Wintheiser;Lennie14@gmail.com;back-end;2019-05-24T04:16:45;1563
